task,episode,B1_raw_success,B1_raw_policy_calls,B1_raw_planner_calls,B1_raw_wall_time_s,B1_raw_summary,C2_agentic_success,C2_agentic_policy_calls,C2_agentic_planner_calls,C2_agentic_wall_time_s,C2_agentic_summary,C3_full_success,C3_full_policy_calls,C3_full_planner_calls,C3_full_wall_time_s,C3_full_summary
StopCube,0,False,20,20,20.549208645999897,/home/admin1/ct/CARVE-VLA/results/robomme_b1_raw_policy_20260831/StopCube_ep0/summary.json,True,18,18,32.18354298299528,/home/admin1/ct/CARVE-VLA/results/robomme_c2_agentic_every_chunk_20260831/StopCube_ep0/summary.json,True,18,10,22.63333010900533,/home/admin1/ct/CARVE-VLA/results/robomme_c3_pilot_4suite_v2_20260831/StopCube_ep0/summary.json
StopCube,1,False,15,15,17.500567531009438,/home/admin1/ct/CARVE-VLA/results/robomme_b1_raw_policy_20260831/StopCube_ep1/summary.json,False,12,12,23.51721981499577,/home/admin1/ct/CARVE-VLA/results/robomme_c2_agentic_every_chunk_20260831/StopCube_ep1/summary.json,False,14,8,19.392150916013634,/home/admin1/ct/CARVE-VLA/results/robomme_c3_pilot_4suite_v2_20260831/StopCube_ep1/summary.json
StopCube,2,False,10,10,14.30976493799244,/home/admin1/ct/CARVE-VLA/results/robomme_b1_raw_policy_20260831/StopCube_ep2/summary.json,True,9,9,21.924418661976233,/home/admin1/ct/CARVE-VLA/results/robomme_c2_agentic_every_chunk_20260831/StopCube_ep2/summary.json,True,8,5,14.144249930017395,/home/admin1/ct/CARVE-VLA/results/robomme_stopcube_ep2_gate_20260831/StopCube_ep2/summary.json
StopCube,3,False,8,8,13.00202245399123,/home/admin1/ct/CARVE-VLA/results/robomme_b1_raw_policy_20260831/StopCube_ep3/summary.json,False,7,7,18.59540456099785,/home/admin1/ct/CARVE-VLA/results/robomme_c2_agentic_every_chunk_20260831/StopCube_ep3/summary.json,False,7,4,14.707580065005459,/home/admin1/ct/CARVE-VLA/results/robomme_stopcube_ep34_gate_20260831/StopCube_ep3/summary.json
StopCube,4,False,8,8,17.694994874007534,/home/admin1/ct/CARVE-VLA/results/robomme_b1_raw_policy_20260831/StopCube_ep4/summary.json,False,3,3,16.832176864001667,/home/admin1/ct/CARVE-VLA/results/robomme_c2_agentic_every_chunk_20260831/StopCube_ep4/summary.json,False,9,5,16.34392030100571,/home/admin1/ct/CARVE-VLA/results/robomme_stopcube_ep34_gate_20260831/StopCube_ep4/summary.json
StopCube,5,False,8,8,43.07550558898947,/home/admin1/ct/CARVE-VLA/results/robomme_extension_b1_raw_20260831/StopCube_ep5/summary.json,False,8,8,20.690962230000878,/home/admin1/ct/CARVE-VLA/results/robomme_extension_c2_agentic_20260831/StopCube_ep5/summary.json,False,8,5,15.527976103010587,/home/admin1/ct/CARVE-VLA/results/robomme_extension_c3_full_20260831/StopCube_ep5/summary.json
StopCube,6,False,23,23,22.864188571984414,/home/admin1/ct/CARVE-VLA/results/robomme_extension_b1_raw_20260831/StopCube_ep6/summary.json,True,20,20,33.921276226988994,/home/admin1/ct/CARVE-VLA/results/robomme_extension_c2_agentic_20260831/StopCube_ep6/summary.json,False,20,11,22.781742436025525,/home/admin1/ct/CARVE-VLA/results/robomme_extension_c3_full_20260831/StopCube_ep6/summary.json
StopCube,7,False,12,12,15.580700126010925,/home/admin1/ct/CARVE-VLA/results/robomme_extension_b1_raw_20260831/StopCube_ep7/summary.json,False,12,12,10.987228974001482,/home/admin1/ct/CARVE-VLA/results/robomme_extension_c2_agentic_20260831/StopCube_ep7/summary.json,False,12,6,9.003816821001237,/home/admin1/ct/CARVE-VLA/results/robomme_extension_c3_full_20260831/StopCube_ep7/summary.json
StopCube,8,False,12,12,15.743787141982466,/home/admin1/ct/CARVE-VLA/results/robomme_extension_b1_raw_20260831/StopCube_ep8/summary.json,False,12,12,21.58192764702835,/home/admin1/ct/CARVE-VLA/results/robomme_extension_c2_agentic_20260831/StopCube_ep8/summary.json,False,12,7,15.647549941000761,/home/admin1/ct/CARVE-VLA/results/robomme_extension_c3_full_20260831/StopCube_ep8/summary.json
StopCube,9,False,38,38,32.16525576001732,/home/admin1/ct/CARVE-VLA/results/robomme_extension_b1_raw_20260831/StopCube_ep9/summary.json,False,3,3,16.658440208993852,/home/admin1/ct/CARVE-VLA/results/robomme_extension_c2_agentic_20260831/StopCube_ep9/summary.json,False,3,2,14.20983178698225,/home/admin1/ct/CARVE-VLA/results/robomme_extension_c3_full_20260831/StopCube_ep9/summary.json
VideoRepick,0,False,11,11,35.819359079992864,/home/admin1/ct/CARVE-VLA/results/robomme_b1_raw_policy_20260831/VideoRepick_ep0/summary.json,False,24,24,82.55340793399955,/home/admin1/ct/CARVE-VLA/results/robomme_c2_agentic_every_chunk_20260831/VideoRepick_ep0/summary.json,True,26,15,46.151235814002575,/home/admin1/ct/CARVE-VLA/results/robomme_c3_videorepick_event_v8_20260831/VideoRepick_ep0/summary.json
VideoRepick,1,False,7,7,25.364367469999706,/home/admin1/ct/CARVE-VLA/results/robomme_b1_raw_policy_20260831/VideoRepick_ep1/summary.json,True,16,16,42.43665609101299,/home/admin1/ct/CARVE-VLA/results/robomme_c2_agentic_every_chunk_20260831/VideoRepick_ep1/summary.json,True,28,15,47.99995938001666,/home/admin1/ct/CARVE-VLA/results/robomme_c3_videorepick_event_v8_20260831/VideoRepick_ep1/summary.json
VideoRepick,2,True,31,31,72.99678407900501,/home/admin1/ct/CARVE-VLA/results/robomme_b1_raw_policy_20260831/VideoRepick_ep2/summary.json,False,20,20,61.64564189797966,/home/admin1/ct/CARVE-VLA/results/robomme_c2_agentic_every_chunk_20260831/VideoRepick_ep2/summary.json,True,27,17,59.966599874023814,/home/admin1/ct/CARVE-VLA/results/robomme_c3_videorepick_event_v8_20260831/VideoRepick_ep2/summary.json
VideoRepick,3,False,9,9,32.69751188199734,/home/admin1/ct/CARVE-VLA/results/robomme_b1_raw_policy_20260831/VideoRepick_ep3/summary.json,False,10,10,37.501174079981865,/home/admin1/ct/CARVE-VLA/results/robomme_c2_agentic_every_chunk_20260831/VideoRepick_ep3/summary.json,False,10,6,28.496912456001155,/home/admin1/ct/CARVE-VLA/results/robomme_c3_videorepick_event_v10_ep3_20260831/VideoRepick_ep3/summary.json
VideoRepick,4,False,6,6,24.510349844000302,/home/admin1/ct/CARVE-VLA/results/robomme_b1_raw_policy_20260831/VideoRepick_ep4/summary.json,True,26,26,79.14682898798492,/home/admin1/ct/CARVE-VLA/results/robomme_c2_agentic_every_chunk_20260831/VideoRepick_ep4/summary.json,True,31,19,68.10415280101006,/home/admin1/ct/CARVE-VLA/results/robomme_c3_videorepick_event_v9_ep4_20260831/VideoRepick_ep4/summary.json
VideoRepick,5,False,8,8,29.048475035990123,/home/admin1/ct/CARVE-VLA/results/robomme_extension_b1_raw_20260831/VideoRepick_ep5/summary.json,False,21,21,60.452699032990495,/home/admin1/ct/CARVE-VLA/results/robomme_extension_c2_agentic_20260831/VideoRepick_ep5/summary.json,True,28,17,48.289602108998224,/home/admin1/ct/CARVE-VLA/results/robomme_extension_c3_full_20260831/VideoRepick_ep5/summary.json
VideoRepick,6,False,9,9,33.25231595602236,/home/admin1/ct/CARVE-VLA/results/robomme_extension_b1_raw_20260831/VideoRepick_ep6/summary.json,False,8,8,27.97943292700802,/home/admin1/ct/CARVE-VLA/results/robomme_extension_c2_agentic_20260831/VideoRepick_ep6/summary.json,False,8,5,22.389040397974895,/home/admin1/ct/CARVE-VLA/results/robomme_extension_c3_full_20260831/VideoRepick_ep6/summary.json
VideoRepick,7,True,47,47,120.73443974502152,/home/admin1/ct/CARVE-VLA/results/robomme_extension_b1_raw_20260831/VideoRepick_ep7/summary.json,False,11,11,40.746938752999995,/home/admin1/ct/CARVE-VLA/results/robomme_extension_c2_agentic_20260831/VideoRepick_ep7/summary.json,False,9,5,26.04938900799607,/home/admin1/ct/CARVE-VLA/results/robomme_extension_c3_full_20260831/VideoRepick_ep7/summary.json
VideoRepick,8,False,8,8,29.199386493011843,/home/admin1/ct/CARVE-VLA/results/robomme_extension_b1_raw_20260831/VideoRepick_ep8/summary.json,False,20,20,53.92695048000314,/home/admin1/ct/CARVE-VLA/results/robomme_extension_c2_agentic_20260831/VideoRepick_ep8/summary.json,True,30,19,64.27136899300967,/home/admin1/ct/CARVE-VLA/results/robomme_extension_c3_full_20260831/VideoRepick_ep8/summary.json
VideoRepick,9,False,6,6,25.04339689097833,/home/admin1/ct/CARVE-VLA/results/robomme_extension_b1_raw_20260831/VideoRepick_ep9/summary.json,True,18,18,47.34164258898818,/home/admin1/ct/CARVE-VLA/results/robomme_extension_c2_agentic_20260831/VideoRepick_ep9/summary.json,True,18,10,33.47929055799614,/home/admin1/ct/CARVE-VLA/results/robomme_extension_c3_full_20260831/VideoRepick_ep9/summary.json
RouteStick,0,False,3,3,19.208016204007436,/home/admin1/ct/CARVE-VLA/results/robomme_b1_raw_policy_20260831/RouteStick_ep0/summary.json,True,11,11,33.57703844099888,/home/admin1/ct/CARVE-VLA/results/robomme_c2_agentic_every_chunk_20260831/RouteStick_ep0/summary.json,True,11,6,26.50696465797955,/home/admin1/ct/CARVE-VLA/results/robomme_c3_routestick_trajectory_v1_20260831/RouteStick_ep0/summary.json
RouteStick,1,False,3,3,17.052817807008978,/home/admin1/ct/CARVE-VLA/results/robomme_b1_raw_policy_20260831/RouteStick_ep1/summary.json,False,7,7,23.621036794007523,/home/admin1/ct/CARVE-VLA/results/robomme_c2_agentic_every_chunk_20260831/RouteStick_ep1/summary.json,True,7,4,19.670757582993247,/home/admin1/ct/CARVE-VLA/results/robomme_c3_routestick_trajectory_v1_20260831/RouteStick_ep1/summary.json
RouteStick,2,False,12,12,38.66345345400623,/home/admin1/ct/CARVE-VLA/results/robomme_b1_raw_policy_20260831/RouteStick_ep2/summary.json,False,11,11,38.15044111898169,/home/admin1/ct/CARVE-VLA/results/robomme_c2_agentic_every_chunk_20260831/RouteStick_ep2/summary.json,False,7,4,24.822178121015895,/home/admin1/ct/CARVE-VLA/results/robomme_c3_routestick_trajectory_v1_20260831/RouteStick_ep2/summary.json
RouteStick,3,False,7,7,27.307266345014796,/home/admin1/ct/CARVE-VLA/results/robomme_b1_raw_policy_20260831/RouteStick_ep3/summary.json,False,3,3,20.118155406002188,/home/admin1/ct/CARVE-VLA/results/robomme_c2_agentic_every_chunk_20260831/RouteStick_ep3/summary.json,False,3,2,18.932037196995225,/home/admin1/ct/CARVE-VLA/results/robomme_c3_routestick_trajectory_v1_20260831/RouteStick_ep3/summary.json
RouteStick,4,False,7,7,26.4539144889859,/home/admin1/ct/CARVE-VLA/results/robomme_b1_raw_policy_20260831/RouteStick_ep4/summary.json,False,7,7,25.352574142016238,/home/admin1/ct/CARVE-VLA/results/robomme_c2_agentic_every_chunk_20260831/RouteStick_ep4/summary.json,True,12,6,26.7054556790099,/home/admin1/ct/CARVE-VLA/results/robomme_c3_routestick_trajectory_v1_20260831/RouteStick_ep4/summary.json
RouteStick,5,False,4,4,18.800761716003763,/home/admin1/ct/CARVE-VLA/results/robomme_extension_b1_raw_20260831/RouteStick_ep5/summary.json,False,3,3,16.572733012988465,/home/admin1/ct/CARVE-VLA/results/robomme_extension_c2_agentic_20260831/RouteStick_ep5/summary.json,False,3,2,15.267540041008033,/home/admin1/ct/CARVE-VLA/results/robomme_extension_c3_full_20260831/RouteStick_ep5/summary.json
RouteStick,6,False,7,7,28.78656968200812,/home/admin1/ct/CARVE-VLA/results/robomme_extension_b1_raw_20260831/RouteStick_ep6/summary.json,False,3,3,20.432412102993112,/home/admin1/ct/CARVE-VLA/results/robomme_extension_c2_agentic_20260831/RouteStick_ep6/summary.json,False,3,2,18.90009988998645,/home/admin1/ct/CARVE-VLA/results/robomme_extension_c3_full_20260831/RouteStick_ep6/summary.json
RouteStick,7,False,3,3,22.50307863598573,/home/admin1/ct/CARVE-VLA/results/robomme_extension_b1_raw_20260831/RouteStick_ep7/summary.json,False,3,3,22.81185458699474,/home/admin1/ct/CARVE-VLA/results/robomme_extension_c2_agentic_20260831/RouteStick_ep7/summary.json,False,3,2,21.094254600990098,/home/admin1/ct/CARVE-VLA/results/robomme_extension_c3_full_20260831/RouteStick_ep7/summary.json
RouteStick,8,False,7,7,26.937543009989895,/home/admin1/ct/CARVE-VLA/results/robomme_extension_b1_raw_20260831/RouteStick_ep8/summary.json,True,10,10,33.44843285201932,/home/admin1/ct/CARVE-VLA/results/robomme_extension_c2_agentic_20260831/RouteStick_ep8/summary.json,True,10,5,25.197510035999585,/home/admin1/ct/CARVE-VLA/results/robomme_extension_c3_full_20260831/RouteStick_ep8/summary.json
RouteStick,9,True,10,10,33.13133634501719,/home/admin1/ct/CARVE-VLA/results/robomme_extension_b1_raw_20260831/RouteStick_ep9/summary.json,True,10,10,33.38705447601387,/home/admin1/ct/CARVE-VLA/results/robomme_extension_c2_agentic_20260831/RouteStick_ep9/summary.json,True,10,5,25.235914682009025,/home/admin1/ct/CARVE-VLA/results/robomme_extension_c3_full_20260831/RouteStick_ep9/summary.json
VideoUnmaskSwap,0,False,10,10,28.485559782013297,/home/admin1/ct/CARVE-VLA/results/robomme_b1_raw_policy_20260831/VideoUnmaskSwap_ep0/summary.json,True,18,18,49.8117262070009,/home/admin1/ct/CARVE-VLA/results/robomme_c2_agentic_every_chunk_20260831/VideoUnmaskSwap_ep0/summary.json,True,17,10,30.836786252999445,/home/admin1/ct/CARVE-VLA/results/robomme_c3_unmask_swap_event_v6_20260831/VideoUnmaskSwap_ep0/summary.json
VideoUnmaskSwap,1,True,7,7,23.18962498300243,/home/admin1/ct/CARVE-VLA/results/robomme_b1_raw_policy_20260831/VideoUnmaskSwap_ep1/summary.json,True,7,7,23.720353258016985,/home/admin1/ct/CARVE-VLA/results/robomme_c2_agentic_every_chunk_20260831/VideoUnmaskSwap_ep1/summary.json,True,7,4,17.378889295010595,/home/admin1/ct/CARVE-VLA/results/robomme_c3_unmask_swap_event_v6_20260831/VideoUnmaskSwap_ep1/summary.json
VideoUnmaskSwap,2,False,8,8,24.079793448006967,/home/admin1/ct/CARVE-VLA/results/robomme_b1_raw_policy_20260831/VideoUnmaskSwap_ep2/summary.json,True,10,10,29.488921540993033,/home/admin1/ct/CARVE-VLA/results/robomme_c2_agentic_every_chunk_20260831/VideoUnmaskSwap_ep2/summary.json,True,13,8,25.154265576973557,/home/admin1/ct/CARVE-VLA/results/robomme_c3_unmask_swap_event_v6_20260831/VideoUnmaskSwap_ep2/summary.json
VideoUnmaskSwap,3,False,11,11,33.726166397013,/home/admin1/ct/CARVE-VLA/results/robomme_b1_raw_policy_20260831/VideoUnmaskSwap_ep3/summary.json,True,19,19,57.43223888098146,/home/admin1/ct/CARVE-VLA/results/robomme_c2_agentic_every_chunk_20260831/VideoUnmaskSwap_ep3/summary.json,True,21,11,38.099783455982106,/home/admin1/ct/CARVE-VLA/results/robomme_c3_unmask_swap_event_v6_20260831/VideoUnmaskSwap_ep3/summary.json
VideoUnmaskSwap,4,False,7,7,21.5706993950007,/home/admin1/ct/CARVE-VLA/results/robomme_b1_raw_policy_20260831/VideoUnmaskSwap_ep4/summary.json,True,18,18,48.871849749994,/home/admin1/ct/CARVE-VLA/results/robomme_c2_agentic_every_chunk_20260831/VideoUnmaskSwap_ep4/summary.json,True,22,12,36.62508116001845,/home/admin1/ct/CARVE-VLA/results/robomme_c3_unmask_swap_event_v6_20260831/VideoUnmaskSwap_ep4/summary.json
VideoUnmaskSwap,5,True,8,8,24.193656907998957,/home/admin1/ct/CARVE-VLA/results/robomme_extension_b1_raw_20260831/VideoUnmaskSwap_ep5/summary.json,True,7,7,22.540901640983066,/home/admin1/ct/CARVE-VLA/results/robomme_extension_c2_agentic_20260831/VideoUnmaskSwap_ep5/summary.json,True,7,4,16.12665922602173,/home/admin1/ct/CARVE-VLA/results/robomme_extension_c3_full_20260831/VideoUnmaskSwap_ep5/summary.json
VideoUnmaskSwap,6,False,7,7,23.948141859989846,/home/admin1/ct/CARVE-VLA/results/robomme_extension_b1_raw_20260831/VideoUnmaskSwap_ep6/summary.json,False,6,6,21.37902055698214,/home/admin1/ct/CARVE-VLA/results/robomme_extension_c2_agentic_20260831/VideoUnmaskSwap_ep6/summary.json,False,6,4,17.120102193002822,/home/admin1/ct/CARVE-VLA/results/robomme_extension_c3_full_20260831/VideoUnmaskSwap_ep6/summary.json
VideoUnmaskSwap,7,False,10,10,31.7209930740064,/home/admin1/ct/CARVE-VLA/results/robomme_extension_b1_raw_20260831/VideoUnmaskSwap_ep7/summary.json,True,19,19,55.785590944986325,/home/admin1/ct/CARVE-VLA/results/robomme_extension_c2_agentic_20260831/VideoUnmaskSwap_ep7/summary.json,True,21,11,39.569304706004914,/home/admin1/ct/CARVE-VLA/results/robomme_extension_c3_full_20260831/VideoUnmaskSwap_ep7/summary.json
VideoUnmaskSwap,8,False,7,7,23.373613114992622,/home/admin1/ct/CARVE-VLA/results/robomme_extension_b1_raw_20260831/VideoUnmaskSwap_ep8/summary.json,False,0,0,10.553404177015182,/home/admin1/ct/CARVE-VLA/results/robomme_extension_c2_agentic_20260831/VideoUnmaskSwap_ep8/summary.json,False,0,0,10.493777414987562,/home/admin1/ct/CARVE-VLA/results/robomme_extension_c3_full_20260831/VideoUnmaskSwap_ep8/summary.json
VideoUnmaskSwap,9,False,10,10,29.175999858998694,/home/admin1/ct/CARVE-VLA/results/robomme_extension_b1_raw_20260831/VideoUnmaskSwap_ep9/summary.json,False,9,9,29.011060304997955,/home/admin1/ct/CARVE-VLA/results/robomme_extension_c2_agentic_20260831/VideoUnmaskSwap_ep9/summary.json,True,22,12,40.53790579899214,/home/admin1/ct/CARVE-VLA/results/robomme_extension_c3_full_20260831/VideoUnmaskSwap_ep9/summary.json
BinFill,0,True,21,21,44.45877987600397,/home/admin1/ct/CARVE-VLA/results/robomme_extension_selected_b1_40ep_20260831/BinFill_ep0/summary.json,True,19,19,40.98515018299804,/home/admin1/ct/CARVE-VLA/results/robomme_extension_selected_c2_40ep_20260831/BinFill_ep0/summary.json,True,23,12,31.103191697999137,/home/admin1/ct/CARVE-VLA/results/robomme_extension_selected_c3_40ep_20260831/BinFill_ep0/summary.json
BinFill,1,True,18,18,38.49043828700087,/home/admin1/ct/CARVE-VLA/results/robomme_extension_selected_b1_40ep_20260831/BinFill_ep1/summary.json,True,18,18,38.68626960902475,/home/admin1/ct/CARVE-VLA/results/robomme_extension_selected_c2_40ep_20260831/BinFill_ep1/summary.json,True,17,9,24.481077490985626,/home/admin1/ct/CARVE-VLA/results/robomme_extension_selected_c3_40ep_20260831/BinFill_ep1/summary.json
BinFill,2,True,68,68,144.67063195299124,/home/admin1/ct/CARVE-VLA/results/robomme_extension_selected_b1_40ep_20260831/BinFill_ep2/summary.json,False,82,82,177.89527717599412,/home/admin1/ct/CARVE-VLA/results/robomme_extension_selected_c2_40ep_20260831/BinFill_ep2/summary.json,False,82,41,111.6574461539858,/home/admin1/ct/CARVE-VLA/results/robomme_extension_selected_c3_40ep_20260831/BinFill_ep2/summary.json
BinFill,3,False,49,49,107.71383454898023,/home/admin1/ct/CARVE-VLA/results/robomme_extension_selected_b1_40ep_20260831/BinFill_ep3/summary.json,True,57,57,122.69998305701301,/home/admin1/ct/CARVE-VLA/results/robomme_extension_selected_c2_40ep_20260831/BinFill_ep3/summary.json,True,76,38,98.99100391200045,/home/admin1/ct/CARVE-VLA/results/robomme_extension_selected_c3_40ep_20260831/BinFill_ep3/summary.json
BinFill,4,True,19,19,40.38239469900145,/home/admin1/ct/CARVE-VLA/results/robomme_extension_selected_b1_40ep_20260831/BinFill_ep4/summary.json,True,19,19,40.56688870899961,/home/admin1/ct/CARVE-VLA/results/robomme_extension_selected_c2_40ep_20260831/BinFill_ep4/summary.json,True,19,10,26.515765202988405,/home/admin1/ct/CARVE-VLA/results/robomme_extension_selected_c3_40ep_20260831/BinFill_ep4/summary.json
BinFill,5,False,36,36,76.98622510200948,/home/admin1/ct/CARVE-VLA/results/robomme_extension_selected_b1_40ep_20260831/BinFill_ep5/summary.json,True,27,27,57.52900145298918,/home/admin1/ct/CARVE-VLA/results/robomme_extension_selected_c2_40ep_20260831/BinFill_ep5/summary.json,True,27,14,36.50180342499516,/home/admin1/ct/CARVE-VLA/results/robomme_extension_selected_c3_40ep_20260831/BinFill_ep5/summary.json
BinFill,6,True,29,29,63.00104045300395,/home/admin1/ct/CARVE-VLA/results/robomme_extension_selected_b1_40ep_20260831/BinFill_ep6/summary.json,True,30,30,64.75639065998257,/home/admin1/ct/CARVE-VLA/results/robomme_extension_selected_c2_40ep_20260831/BinFill_ep6/summary.json,True,29,15,40.52372360997833,/home/admin1/ct/CARVE-VLA/results/robomme_extension_selected_c3_40ep_20260831/BinFill_ep6/summary.json
BinFill,7,False,82,82,181.61227452900494,/home/admin1/ct/CARVE-VLA/results/robomme_extension_selected_b1_40ep_20260831/BinFill_ep7/summary.json,False,66,66,145.51262110998505,/home/admin1/ct/CARVE-VLA/results/robomme_extension_selected_c2_40ep_20260831/BinFill_ep7/summary.json,False,82,41,113.94494838599348,/home/admin1/ct/CARVE-VLA/results/robomme_extension_selected_c3_40ep_20260831/BinFill_ep7/summary.json
BinFill,8,True,66,66,131.3996736150002,/home/admin1/ct/CARVE-VLA/results/robomme_extension_selected_b1_40ep_20260831/BinFill_ep8/summary.json,True,47,47,98.40743344600196,/home/admin1/ct/CARVE-VLA/results/robomme_extension_selected_c2_40ep_20260831/BinFill_ep8/summary.json,True,48,24,60.90952724200906,/home/admin1/ct/CARVE-VLA/results/robomme_extension_selected_c3_40ep_20260831/BinFill_ep8/summary.json
BinFill,9,True,35,35,72.44639463900239,/home/admin1/ct/CARVE-VLA/results/robomme_extension_selected_b1_40ep_20260831/BinFill_ep9/summary.json,True,35,35,73.19655049298308,/home/admin1/ct/CARVE-VLA/results/robomme_extension_selected_c2_40ep_20260831/BinFill_ep9/summary.json,True,33,17,43.59197623000364,/home/admin1/ct/CARVE-VLA/results/robomme_extension_selected_c3_40ep_20260831/BinFill_ep9/summary.json
ButtonUnmask,0,False,82,82,186.20813933000318,/home/admin1/ct/CARVE-VLA/results/robomme_extension_selected_b1_40ep_20260831/ButtonUnmask_ep0/summary.json,True,17,17,36.693562993983505,/home/admin1/ct/CARVE-VLA/results/robomme_extension_selected_c2_40ep_20260831/ButtonUnmask_ep0/summary.json,True,19,10,26.137119344988605,/home/admin1/ct/CARVE-VLA/results/robomme_extension_selected_c3_40ep_20260831/ButtonUnmask_ep0/summary.json
ButtonUnmask,1,False,82,82,187.72854225197807,/home/admin1/ct/CARVE-VLA/results/robomme_extension_selected_b1_40ep_20260831/ButtonUnmask_ep1/summary.json,True,19,19,40.98645959800342,/home/admin1/ct/CARVE-VLA/results/robomme_extension_selected_c2_40ep_20260831/ButtonUnmask_ep1/summary.json,False,82,41,116.05880660002003,/home/admin1/ct/CARVE-VLA/results/robomme_extension_selected_c3_40ep_20260831/ButtonUnmask_ep1/summary.json
ButtonUnmask,2,False,82,82,188.08648388599977,/home/admin1/ct/CARVE-VLA/results/robomme_extension_selected_b1_40ep_20260831/ButtonUnmask_ep2/summary.json,True,21,21,45.081131581013324,/home/admin1/ct/CARVE-VLA/results/robomme_extension_selected_c2_40ep_20260831/ButtonUnmask_ep2/summary.json,False,82,41,113.64565746398875,/home/admin1/ct/CARVE-VLA/results/robomme_extension_selected_c3_40ep_20260831/ButtonUnmask_ep2/summary.json
ButtonUnmask,3,False,82,82,186.40712321500177,/home/admin1/ct/CARVE-VLA/results/robomme_extension_selected_b1_40ep_20260831/ButtonUnmask_ep3/summary.json,False,82,82,195.23572474200046,/home/admin1/ct/CARVE-VLA/results/robomme_extension_selected_c2_40ep_20260831/ButtonUnmask_ep3/summary.json,False,82,41,116.34452112999861,/home/admin1/ct/CARVE-VLA/results/robomme_extension_selected_c3_40ep_20260831/ButtonUnmask_ep3/summary.json
ButtonUnmask,4,False,82,82,187.25926507500117,/home/admin1/ct/CARVE-VLA/results/robomme_extension_selected_b1_40ep_20260831/ButtonUnmask_ep4/summary.json,False,82,82,195.23245647299336,/home/admin1/ct/CARVE-VLA/results/robomme_extension_selected_c2_40ep_20260831/ButtonUnmask_ep4/summary.json,False,82,41,116.37484591599787,/home/admin1/ct/CARVE-VLA/results/robomme_extension_selected_c3_40ep_20260831/ButtonUnmask_ep4/summary.json
ButtonUnmask,5,False,82,82,185.91992631499306,/home/admin1/ct/CARVE-VLA/results/robomme_extension_selected_b1_40ep_20260831/ButtonUnmask_ep5/summary.json,False,82,82,191.82007729899487,/home/admin1/ct/CARVE-VLA/results/robomme_extension_selected_c2_40ep_20260831/ButtonUnmask_ep5/summary.json,False,82,41,113.04357039401657,/home/admin1/ct/CARVE-VLA/results/robomme_extension_selected_c3_40ep_20260831/ButtonUnmask_ep5/summary.json
ButtonUnmask,6,False,82,82,186.5075819370104,/home/admin1/ct/CARVE-VLA/results/robomme_extension_selected_b1_40ep_20260831/ButtonUnmask_ep6/summary.json,False,82,82,195.82517085500876,/home/admin1/ct/CARVE-VLA/results/robomme_extension_selected_c2_40ep_20260831/ButtonUnmask_ep6/summary.json,False,82,41,118.0912374999898,/home/admin1/ct/CARVE-VLA/results/robomme_extension_selected_c3_40ep_20260831/ButtonUnmask_ep6/summary.json
ButtonUnmask,7,False,82,82,185.5501875350019,/home/admin1/ct/CARVE-VLA/results/robomme_extension_selected_b1_40ep_20260831/ButtonUnmask_ep7/summary.json,False,82,82,194.48358966899104,/home/admin1/ct/CARVE-VLA/results/robomme_extension_selected_c2_40ep_20260831/ButtonUnmask_ep7/summary.json,False,82,41,118.26558932501939,/home/admin1/ct/CARVE-VLA/results/robomme_extension_selected_c3_40ep_20260831/ButtonUnmask_ep7/summary.json
ButtonUnmask,8,False,82,82,186.73838327202247,/home/admin1/ct/CARVE-VLA/results/robomme_extension_selected_b1_40ep_20260831/ButtonUnmask_ep8/summary.json,False,82,82,195.97535222402075,/home/admin1/ct/CARVE-VLA/results/robomme_extension_selected_c2_40ep_20260831/ButtonUnmask_ep8/summary.json,True,21,11,39.979692095017526,/home/admin1/ct/CARVE-VLA/results/robomme_extension_selected_c3_40ep_20260831/ButtonUnmask_ep8/summary.json
ButtonUnmask,9,False,82,82,190.02335607202258,/home/admin1/ct/CARVE-VLA/results/robomme_extension_selected_b1_40ep_20260831/ButtonUnmask_ep9/summary.json,False,82,82,190.63011758201174,/home/admin1/ct/CARVE-VLA/results/robomme_extension_selected_c2_40ep_20260831/ButtonUnmask_ep9/summary.json,False,82,41,116.16998243599664,/home/admin1/ct/CARVE-VLA/results/robomme_extension_selected_c3_40ep_20260831/ButtonUnmask_ep9/summary.json
PickHighlight,0,True,15,15,33.845935735007515,/home/admin1/ct/CARVE-VLA/results/robomme_extension_selected_b1_40ep_20260831/PickHighlight_ep0/summary.json,True,17,17,38.091145179001614,/home/admin1/ct/CARVE-VLA/results/robomme_extension_selected_c2_40ep_20260831/PickHighlight_ep0/summary.json,True,23,12,31.750465379998786,/home/admin1/ct/CARVE-VLA/results/robomme_extension_selected_c3_40ep_20260831/PickHighlight_ep0/summary.json
PickHighlight,1,True,15,15,34.81540690199472,/home/admin1/ct/CARVE-VLA/results/robomme_extension_selected_b1_40ep_20260831/PickHighlight_ep1/summary.json,True,15,15,34.07358388899593,/home/admin1/ct/CARVE-VLA/results/robomme_extension_selected_c2_40ep_20260831/PickHighlight_ep1/summary.json,True,20,10,29.83387023099931,/home/admin1/ct/CARVE-VLA/results/robomme_extension_selected_c3_40ep_20260831/PickHighlight_ep1/summary.json
PickHighlight,2,False,15,15,35.52155675701215,/home/admin1/ct/CARVE-VLA/results/robomme_extension_selected_b1_40ep_20260831/PickHighlight_ep2/summary.json,False,14,14,32.785331630002474,/home/admin1/ct/CARVE-VLA/results/robomme_extension_selected_c2_40ep_20260831/PickHighlight_ep2/summary.json,False,18,9,27.790760311996564,/home/admin1/ct/CARVE-VLA/results/robomme_extension_selected_c3_40ep_20260831/PickHighlight_ep2/summary.json
PickHighlight,3,False,82,82,197.6750408759981,/home/admin1/ct/CARVE-VLA/results/robomme_extension_selected_b1_40ep_20260831/PickHighlight_ep3/summary.json,False,72,72,170.6900146259868,/home/admin1/ct/CARVE-VLA/results/robomme_extension_selected_c2_40ep_20260831/PickHighlight_ep3/summary.json,False,49,25,72.57708412100328,/home/admin1/ct/CARVE-VLA/results/robomme_extension_selected_c3_40ep_20260831/PickHighlight_ep3/summary.json
PickHighlight,4,False,26,26,57.588489082001615,/home/admin1/ct/CARVE-VLA/results/robomme_extension_selected_b1_40ep_20260831/PickHighlight_ep4/summary.json,False,26,26,57.18235836800886,/home/admin1/ct/CARVE-VLA/results/robomme_extension_selected_c2_40ep_20260831/PickHighlight_ep4/summary.json,False,26,13,34.79944030899787,/home/admin1/ct/CARVE-VLA/results/robomme_extension_selected_c3_40ep_20260831/PickHighlight_ep4/summary.json
PickHighlight,5,True,15,15,34.290014685015194,/home/admin1/ct/CARVE-VLA/results/robomme_extension_selected_b1_40ep_20260831/PickHighlight_ep5/summary.json,False,17,17,38.25274623199948,/home/admin1/ct/CARVE-VLA/results/robomme_extension_selected_c2_40ep_20260831/PickHighlight_ep5/summary.json,False,20,10,29.81511345101171,/home/admin1/ct/CARVE-VLA/results/robomme_extension_selected_c3_40ep_20260831/PickHighlight_ep5/summary.json
PickHighlight,6,False,18,18,41.51122457999736,/home/admin1/ct/CARVE-VLA/results/robomme_extension_selected_b1_40ep_20260831/PickHighlight_ep6/summary.json,False,17,17,39.553815989987925,/home/admin1/ct/CARVE-VLA/results/robomme_extension_selected_c2_40ep_20260831/PickHighlight_ep6/summary.json,False,82,41,111.57743803801714,/home/admin1/ct/CARVE-VLA/results/robomme_extension_selected_c3_40ep_20260831/PickHighlight_ep6/summary.json
PickHighlight,7,False,21,21,48.527340462984284,/home/admin1/ct/CARVE-VLA/results/robomme_extension_selected_b1_40ep_20260831/PickHighlight_ep7/summary.json,False,20,20,45.87385206698673,/home/admin1/ct/CARVE-VLA/results/robomme_extension_selected_c2_40ep_20260831/PickHighlight_ep7/summary.json,False,20,10,29.4190018090012,/home/admin1/ct/CARVE-VLA/results/robomme_extension_selected_c3_40ep_20260831/PickHighlight_ep7/summary.json
PickHighlight,8,False,27,27,60.74530771598802,/home/admin1/ct/CARVE-VLA/results/robomme_extension_selected_b1_40ep_20260831/PickHighlight_ep8/summary.json,False,27,27,59.457301091984846,/home/admin1/ct/CARVE-VLA/results/robomme_extension_selected_c2_40ep_20260831/PickHighlight_ep8/summary.json,False,27,14,36.60457282100106,/home/admin1/ct/CARVE-VLA/results/robomme_extension_selected_c3_40ep_20260831/PickHighlight_ep8/summary.json
PickHighlight,9,False,16,16,38.6329389459861,/home/admin1/ct/CARVE-VLA/results/robomme_extension_selected_b1_40ep_20260831/PickHighlight_ep9/summary.json,False,16,16,37.543992128019454,/home/admin1/ct/CARVE-VLA/results/robomme_extension_selected_c2_40ep_20260831/PickHighlight_ep9/summary.json,False,18,9,27.650285142997745,/home/admin1/ct/CARVE-VLA/results/robomme_extension_selected_c3_40ep_20260831/PickHighlight_ep9/summary.json
MoveCube,0,True,12,12,34.72791521498584,/home/admin1/ct/CARVE-VLA/results/robomme_extension_selected_b1_40ep_20260831/MoveCube_ep0/summary.json,True,12,12,34.40542344600544,/home/admin1/ct/CARVE-VLA/results/robomme_extension_selected_c2_40ep_20260831/MoveCube_ep0/summary.json,True,11,6,23.68051111800014,/home/admin1/ct/CARVE-VLA/results/robomme_extension_selected_c3_40ep_20260831/MoveCube_ep0/summary.json
MoveCube,1,False,82,82,288.7049855469959,/home/admin1/ct/CARVE-VLA/results/robomme_extension_selected_b1_40ep_20260831/MoveCube_ep1/summary.json,False,82,82,286.25142026200774,/home/admin1/ct/CARVE-VLA/results/robomme_extension_selected_c2_40ep_20260831/MoveCube_ep1/summary.json,False,82,78,277.80664987600176,/home/admin1/ct/CARVE-VLA/results/robomme_extension_selected_c3_40ep_20260831/MoveCube_ep1/summary.json
MoveCube,2,True,11,11,32.80964349297574,/home/admin1/ct/CARVE-VLA/results/robomme_extension_selected_b1_40ep_20260831/MoveCube_ep2/summary.json,True,11,11,32.1802118110063,/home/admin1/ct/CARVE-VLA/results/robomme_extension_selected_c2_40ep_20260831/MoveCube_ep2/summary.json,True,12,6,23.725143724004738,/home/admin1/ct/CARVE-VLA/results/robomme_extension_selected_c3_40ep_20260831/MoveCube_ep2/summary.json
MoveCube,3,True,16,16,55.24610721200588,/home/admin1/ct/CARVE-VLA/results/robomme_extension_selected_b1_40ep_20260831/MoveCube_ep3/summary.json,True,16,16,54.3769868479867,/home/admin1/ct/CARVE-VLA/results/robomme_extension_selected_c2_40ep_20260831/MoveCube_ep3/summary.json,True,16,12,47.97119629901135,/home/admin1/ct/CARVE-VLA/results/robomme_extension_selected_c3_40ep_20260831/MoveCube_ep3/summary.json
MoveCube,4,True,20,20,69.05640004199813,/home/admin1/ct/CARVE-VLA/results/robomme_extension_selected_b1_40ep_20260831/MoveCube_ep4/summary.json,True,19,19,64.25905390898697,/home/admin1/ct/CARVE-VLA/results/robomme_extension_selected_c2_40ep_20260831/MoveCube_ep4/summary.json,True,20,16,61.02962027999456,/home/admin1/ct/CARVE-VLA/results/robomme_extension_selected_c3_40ep_20260831/MoveCube_ep4/summary.json
MoveCube,5,False,8,8,26.118934291996993,/home/admin1/ct/CARVE-VLA/results/robomme_extension_selected_b1_40ep_20260831/MoveCube_ep5/summary.json,False,8,8,25.536597433994757,/home/admin1/ct/CARVE-VLA/results/robomme_extension_selected_c2_40ep_20260831/MoveCube_ep5/summary.json,False,8,4,18.946101233013906,/home/admin1/ct/CARVE-VLA/results/robomme_extension_selected_c3_40ep_20260831/MoveCube_ep5/summary.json
MoveCube,6,True,12,12,34.686499216011725,/home/admin1/ct/CARVE-VLA/results/robomme_extension_selected_b1_40ep_20260831/MoveCube_ep6/summary.json,True,12,12,34.467628486978356,/home/admin1/ct/CARVE-VLA/results/robomme_extension_selected_c2_40ep_20260831/MoveCube_ep6/summary.json,True,11,6,23.47931962501025,/home/admin1/ct/CARVE-VLA/results/robomme_extension_selected_c3_40ep_20260831/MoveCube_ep6/summary.json
MoveCube,7,True,13,13,55.74059210499399,/home/admin1/ct/CARVE-VLA/results/robomme_extension_selected_b1_40ep_20260831/MoveCube_ep7/summary.json,True,13,13,55.35513253399404,/home/admin1/ct/CARVE-VLA/results/robomme_extension_selected_c2_40ep_20260831/MoveCube_ep7/summary.json,True,13,13,55.398928917973535,/home/admin1/ct/CARVE-VLA/results/robomme_extension_selected_c3_40ep_20260831/MoveCube_ep7/summary.json
MoveCube,8,True,15,15,51.37181088500074,/home/admin1/ct/CARVE-VLA/results/robomme_extension_selected_b1_40ep_20260831/MoveCube_ep8/summary.json,False,82,82,287.7874133430014,/home/admin1/ct/CARVE-VLA/results/robomme_extension_selected_c2_40ep_20260831/MoveCube_ep8/summary.json,True,15,11,44.26614935102407,/home/admin1/ct/CARVE-VLA/results/robomme_extension_selected_c3_40ep_20260831/MoveCube_ep8/summary.json
MoveCube,9,True,15,15,41.305368474975694,/home/admin1/ct/CARVE-VLA/results/robomme_extension_selected_b1_40ep_20260831/MoveCube_ep9/summary.json,True,15,15,41.70918344700476,/home/admin1/ct/CARVE-VLA/results/robomme_extension_selected_c2_40ep_20260831/MoveCube_ep9/summary.json,True,15,8,29.2503649549908,/home/admin1/ct/CARVE-VLA/results/robomme_extension_selected_c3_40ep_20260831/MoveCube_ep9/summary.json
