bundle_file	source_file	category	bytes	sha256
robomme_swap_ep39_A_fail.mp4	artifacts/robomme/memory_ab_confirm_20260923/rollouts/VideoUnmaskSwap_ep39_A/VideoUnmaskSwap_ep39_vlm_groundsg.mp4	robomme_paired_rescue_baseline	947145	916462e802c8317f7db8f7f2178e7a02bf9f45e938541a685a4c6500aec01ab6
robomme_swap_ep39_B_success.mp4	artifacts/robomme/memory_ab_confirm_20260923/rollouts/VideoUnmaskSwap_ep39_B/VideoUnmaskSwap_ep39_vlm_groundsg.mp4	robomme_paired_rescue_memory	667829	7637594ab192814a9a07e6919fd3b00166e9f1d8f7a1a2f948993cc20edec2ba
robomme_swap_ep43_A_success.mp4	artifacts/robomme/memory_ab_confirm_20260923/rollouts/VideoUnmaskSwap_ep43_A/VideoUnmaskSwap_ep43_vlm_groundsg.mp4	robomme_paired_harm_baseline	683047	b91f883c3ee77bb885c9b203885e8bd1f15dfdcc44b0348073069537e2523a06
robomme_swap_ep43_B_fail.mp4	artifacts/robomme/memory_ab_confirm_20260923/rollouts/VideoUnmaskSwap_ep43_B/VideoUnmaskSwap_ep43_vlm_groundsg.mp4	robomme_paired_harm_memory	620375	f5658fedeb62a84bb5c2b77360f56740d8e76f9013e8f8f280c1c3eb0b74f106
robomme_routestick_ep31_raw_fail.mp4	artifacts/robomme/harness_transfer_gate_20260924/rollouts/RouteStick_ep31_R/RouteStick_ep31_vlm_groundsg.mp4	robomme_frozen_harness_baseline	464985	9ca759c0f66c2b1c5ae1818a4186e40a9461b55cbeabde6e204c43e8b422c93f
robomme_routestick_ep31_harness_success.mp4	artifacts/robomme/harness_transfer_gate_20260924/rollouts/RouteStick_ep31_H/RouteStick_ep31_vlm_groundsg.mp4	robomme_frozen_harness_case	772794	fe6035b679788594b2c660a7ed1dd56486cc2a6ac1825605836ba7d7758d05bd
robomme_ep39_public_demo.mp4	artifacts/robomme/memory_ab_confirm_20260923/rollouts/VideoUnmaskSwap_ep39_A/initial_demo_front.mp4	public_demo_not_rollout	55057	a12945d09f1b71794e782b3b7a835cfbdd35fb95b0434045837fae726e619b9b
robomme_ep39_memory_tracking.mp4	artifacts/robomme/memory_ab_confirm_20260923/memory/VideoUnmaskSwap_ep39_sam2_container_memory.mp4	memory_tracking_not_rollout	43775	81b06fec5fd0b0a691bc0a418e372c8d14975ec4e768bcdc859869caeb384c90
robomme_unmask_ep23_A_success.mp4	artifacts/robomme/videounmask_memory_transfer_20260924/rollouts/VideoUnmask_ep23_A/VideoUnmask_ep23_vlm_groundsg.mp4	robomme_negative_transfer_baseline	543960	35a5c338522842ed435ce32c6a643f39de238e182960bb35dc40768f93fc5ca9
robomme_unmask_ep23_B_fail.mp4	artifacts/robomme/videounmask_memory_transfer_20260924/rollouts/VideoUnmask_ep23_B/VideoUnmask_ep23_vlm_groundsg.mp4	robomme_negative_transfer_memory	1818363	6e38fe2bbfeb44730686fc9c3e21a0757e9865341a0665f12796660c388f1dc2
robomme_stage_ep43_old_fail.mp4	artifacts/robomme/ral_gate_20260924/unmask_ep39_45_abc/VideoUnmask_ep43_C/VideoUnmask_ep43_vlm_groundsg.mp4	robomme_development_bug	331210	875767817db6a33a884cf057d48a9dc4561ac37bf1c07179e7e8c0b7884dca1e
robomme_stage_ep43_retest_success.mp4	artifacts/robomme/ral_gate_20260924/unmask_ep43_stage_hint_dev/VideoUnmask_ep43_C/VideoUnmask_ep43_vlm_groundsg.mp4	robomme_development_retest_not_independent_rescue	808945	056118ce87a96d61b557d33414be3f3588c0f0ff9754aeca0aae673c73ca9090
robomme_stage_ep47_raw_success.mp4	artifacts/robomme/ral_gate_20260924/unmask_ep47_frozen_abc/VideoUnmask_ep47_A/VideoUnmask_ep47_vlm_groundsg.mp4	robomme_new_initial_state_reference	645240	67d825478d476dd5ac245b7b2709d7fc158c816b3c4ab9ed45f7b8e958d8550d
robomme_stage_ep47_receipt_success.mp4	artifacts/robomme/ral_gate_20260924/unmask_ep47_frozen_abc/VideoUnmask_ep47_C/VideoUnmask_ep47_vlm_groundsg.mp4	robomme_new_initial_state_functional_check	739329	547bd8163d59ef86897b90b19383e64b27cd1a6284033ba8311331ab0319b070
libero_frozen_fail.mp4	deliverables/CARVE_VLA_GROUP_MEETING_20260906/videos/libero_pro/01_frozen_fail.mp4	libero_rescue_baseline	622359	2da0e1c0dc51f9645a87291fcdcc1e78da3cc370a15f59a708d78e4b6d0308a7
libero_agent_success.mp4	deliverables/CARVE_VLA_GROUP_MEETING_20260906/videos/libero_pro/02_agentic_success.mp4	libero_rescue_agent	601933	d5fe09bb2d88f8be7cf7b3632a8e6d4a50bb60c1b8fde0cc4fe7f378feff869e
libero_frozen_success.mp4	deliverables/CARVE_VLA_GROUP_MEETING_20260906/videos/libero_pro/03_frozen_success.mp4	libero_harm_baseline	583676	5584c28019755313337a9dd7cc85c50b917619bf4266fddcc692ecbaa7923f56
libero_agent_false_intervention_fail.mp4	deliverables/CARVE_VLA_GROUP_MEETING_20260906/videos/libero_pro/04_agentic_false_intervention_fail.mp4	libero_harm_agent	614891	f2e3573a6b981440f4c6d02a96cff32dbc715dafef76b128c859c186e8c2f267
01_robodojo_build_tower_PIv3_fault_baseline_fail.mp4	deliverables/BIND_VLA_VIDEO_SHORTLIST_20260924/01_robodojo_build_tower_PIv3_fault_baseline_fail.mp4	robodojo_historical_controlled_fault_baseline	1728591	548908f2a4f7aaf7104bb0b09c0846413f0b24b040fb6d88c5ab9743c0a5ee23
02_robodojo_build_tower_PIv3_fault_harness_success.mp4	deliverables/BIND_VLA_VIDEO_SHORTLIST_20260924/02_robodojo_build_tower_PIv3_fault_harness_success.mp4	robodojo_historical_controlled_fault_replay	1694303	7879b7affe1c4cf6cab58f71ad81dc1231561d269af77723d005d4556196419c
03_robodojo_organize_table_pi05_agent_partial_fail.mp4	deliverables/BIND_VLA_VIDEO_SHORTLIST_20260924/03_robodojo_organize_table_pi05_agent_partial_fail.mp4	robodojo_current_pi05_agent_failure	1733479	1d9a3f0288e3f756706f2aded2d2eb64b31566b0b0d1ba88a7072da25ebb36dc
04_robodojo_organize_table_pi05_native_partial_fail.mp4	deliverables/BIND_VLA_VIDEO_SHORTLIST_20260924/04_robodojo_organize_table_pi05_native_partial_fail.mp4	robodojo_current_pi05_native_failure	1917385	e33fda657e260de18ae2bbd0d579ee2b1348c9fcf97d665b3a3ddf064979f868
05_robodojo_classify_by_language_pi05_native_fail.mp4	deliverables/BIND_VLA_VIDEO_SHORTLIST_20260924/05_robodojo_classify_by_language_pi05_native_fail.mp4	robodojo_current_pi05_native_failure	2156758	47acb65e9938503277f81e09d11f53a5a87097fcc713ec15339b5838d060e196
06_robodojo_stack_bowls_pi05_native_success.mp4	deliverables/BIND_VLA_VIDEO_SHORTLIST_20260924/06_robodojo_stack_bowls_pi05_native_success.mp4	robodojo_current_pi05_native_success	574996	7277948690931a2d6c1d058936e869698c3454792663400a9fbcb657ebc38632
07_robodojo_put_bottles_PIv3_C3_success.mp4	deliverables/BIND_VLA_VIDEO_SHORTLIST_20260924/07_robodojo_put_bottles_PIv3_C3_success.mp4	robodojo_historical_no_accepted_semantic_intervention	1793535	d85a629870b92656eb3d0b6cd7fcb026ecb89948e13c2db412baf55a82eec99b
08_robodojo_store_laptop_PIv3_B0_fail.mp4	deliverables/BIND_VLA_VIDEO_SHORTLIST_20260924/08_robodojo_store_laptop_PIv3_B0_fail.mp4	robodojo_historical_failure	1204723	87f55fac686aabbdcacd818ddd123459fa4c4e9b17f5a70c683f2c469c002fcf
