bundle_file	source_file	category
robomme_swap_ep39_A_fail.mp4	artifacts/robomme/memory_ab_confirm_20260923/rollouts/VideoUnmaskSwap_ep39_A/VideoUnmaskSwap_ep39_vlm_groundsg.mp4	robomme_paired_rescue_baseline
robomme_swap_ep39_B_success.mp4	artifacts/robomme/memory_ab_confirm_20260923/rollouts/VideoUnmaskSwap_ep39_B/VideoUnmaskSwap_ep39_vlm_groundsg.mp4	robomme_paired_rescue_memory
robomme_swap_ep43_A_success.mp4	artifacts/robomme/memory_ab_confirm_20260923/rollouts/VideoUnmaskSwap_ep43_A/VideoUnmaskSwap_ep43_vlm_groundsg.mp4	robomme_paired_harm_baseline
robomme_swap_ep43_B_fail.mp4	artifacts/robomme/memory_ab_confirm_20260923/rollouts/VideoUnmaskSwap_ep43_B/VideoUnmaskSwap_ep43_vlm_groundsg.mp4	robomme_paired_harm_memory
robomme_routestick_ep31_raw_fail.mp4	artifacts/robomme/harness_transfer_gate_20260924/rollouts/RouteStick_ep31_R/RouteStick_ep31_vlm_groundsg.mp4	robomme_frozen_harness_baseline
robomme_routestick_ep31_harness_success.mp4	artifacts/robomme/harness_transfer_gate_20260924/rollouts/RouteStick_ep31_H/RouteStick_ep31_vlm_groundsg.mp4	robomme_frozen_harness_case
robomme_ep39_public_demo.mp4	artifacts/robomme/memory_ab_confirm_20260923/rollouts/VideoUnmaskSwap_ep39_A/initial_demo_front.mp4	public_demo_not_rollout
robomme_ep39_memory_tracking.mp4	artifacts/robomme/memory_ab_confirm_20260923/memory/VideoUnmaskSwap_ep39_sam2_container_memory.mp4	memory_tracking_not_rollout
robomme_unmask_ep23_A_success.mp4	artifacts/robomme/videounmask_memory_transfer_20260924/rollouts/VideoUnmask_ep23_A/VideoUnmask_ep23_vlm_groundsg.mp4	robomme_negative_transfer_baseline
robomme_unmask_ep23_B_fail.mp4	artifacts/robomme/videounmask_memory_transfer_20260924/rollouts/VideoUnmask_ep23_B/VideoUnmask_ep23_vlm_groundsg.mp4	robomme_negative_transfer_memory
robomme_stage_ep43_old_fail.mp4	artifacts/robomme/ral_gate_20260924/unmask_ep39_45_abc/VideoUnmask_ep43_C/VideoUnmask_ep43_vlm_groundsg.mp4	robomme_development_bug
robomme_stage_ep43_retest_success.mp4	artifacts/robomme/ral_gate_20260924/unmask_ep43_stage_hint_dev/VideoUnmask_ep43_C/VideoUnmask_ep43_vlm_groundsg.mp4	robomme_development_retest_not_independent_rescue
robomme_stage_ep47_raw_success.mp4	artifacts/robomme/ral_gate_20260924/unmask_ep47_frozen_abc/VideoUnmask_ep47_A/VideoUnmask_ep47_vlm_groundsg.mp4	robomme_new_initial_state_reference
robomme_stage_ep47_receipt_success.mp4	artifacts/robomme/ral_gate_20260924/unmask_ep47_frozen_abc/VideoUnmask_ep47_C/VideoUnmask_ep47_vlm_groundsg.mp4	robomme_new_initial_state_functional_check
libero_frozen_fail.mp4	deliverables/CARVE_VLA_GROUP_MEETING_20260906/videos/libero_pro/01_frozen_fail.mp4	libero_rescue_baseline
libero_agent_success.mp4	deliverables/CARVE_VLA_GROUP_MEETING_20260906/videos/libero_pro/02_agentic_success.mp4	libero_rescue_agent
libero_frozen_success.mp4	deliverables/CARVE_VLA_GROUP_MEETING_20260906/videos/libero_pro/03_frozen_success.mp4	libero_harm_baseline
libero_agent_false_intervention_fail.mp4	deliverables/CARVE_VLA_GROUP_MEETING_20260906/videos/libero_pro/04_agentic_false_intervention_fail.mp4	libero_harm_agent
01_robodojo_build_tower_PIv3_fault_baseline_fail.mp4	deliverables/BIND_VLA_VIDEO_SHORTLIST_20260924/01_robodojo_build_tower_PIv3_fault_baseline_fail.mp4	robodojo_historical_controlled_fault_baseline
02_robodojo_build_tower_PIv3_fault_harness_success.mp4	deliverables/BIND_VLA_VIDEO_SHORTLIST_20260924/02_robodojo_build_tower_PIv3_fault_harness_success.mp4	robodojo_historical_controlled_fault_replay
03_robodojo_organize_table_pi05_agent_partial_fail.mp4	deliverables/BIND_VLA_VIDEO_SHORTLIST_20260924/03_robodojo_organize_table_pi05_agent_partial_fail.mp4	robodojo_current_pi05_agent_failure
04_robodojo_organize_table_pi05_native_partial_fail.mp4	deliverables/BIND_VLA_VIDEO_SHORTLIST_20260924/04_robodojo_organize_table_pi05_native_partial_fail.mp4	robodojo_current_pi05_native_failure
05_robodojo_classify_by_language_pi05_native_fail.mp4	deliverables/BIND_VLA_VIDEO_SHORTLIST_20260924/05_robodojo_classify_by_language_pi05_native_fail.mp4	robodojo_current_pi05_native_failure
06_robodojo_stack_bowls_pi05_native_success.mp4	deliverables/BIND_VLA_VIDEO_SHORTLIST_20260924/06_robodojo_stack_bowls_pi05_native_success.mp4	robodojo_current_pi05_native_success
07_robodojo_put_bottles_PIv3_C3_success.mp4	deliverables/BIND_VLA_VIDEO_SHORTLIST_20260924/07_robodojo_put_bottles_PIv3_C3_success.mp4	robodojo_historical_no_accepted_semantic_intervention
08_robodojo_store_laptop_PIv3_B0_fail.mp4	deliverables/BIND_VLA_VIDEO_SHORTLIST_20260924/08_robodojo_store_laptop_PIv3_B0_fail.mp4	robodojo_historical_failure
