task,pi05_libero,carve_vla,episodes_per_method,source
T0,90,95,20,preserved Agentic-VLA v1 submission Table 2
T1,100,100,20,preserved Agentic-VLA v1 submission Table 2
T2,95,90,20,preserved Agentic-VLA v1 submission Table 2
T3,90,95,20,preserved Agentic-VLA v1 submission Table 2
T4,100,95,20,preserved Agentic-VLA v1 submission Table 2
T5,95,100,20,preserved Agentic-VLA v1 submission Table 2
T6,80,80,20,preserved Agentic-VLA v1 submission Table 2
T7,100,100,20,preserved Agentic-VLA v1 submission Table 2
T8,55,75,20,preserved Agentic-VLA v1 submission Table 2
T9,95,95,20,preserved Agentic-VLA v1 submission Table 2
